<?xml version="1.0" encoding="UTF-8"?>
<rss version="2.0" xmlns:ror="http://rorweb.com/0.1/" >
<channel>
  <title>ROR Sitemap for https://webunivers.michellebirkkjaer.dk/</title>
  <link>https://webunivers.michellebirkkjaer.dk/</link>

<item>
     <link>https://webunivers.michellebirkkjaer.dk/</link>
     <title>CampusCupid | CampusCupid Forside</title>
     <description>CampusCupid er din online guide til at navigere rundt i studie og kærlighed, hvad enten du allerede er i et forhold eller er single.</description>
     <ror:updatePeriod></ror:updatePeriod>
     <ror:sortOrder>0</ror:sortOrder>
     <ror:resourceOf>sitemap</ror:resourceOf>
</item>
<item>
     <link>https://webunivers.michellebirkkjaer.dk/index.html</link>
     <title>CampusCupid | CampusCupid Forside</title>
     <description>CampusCupid er din online guide til at navigere rundt i studie og kærlighed, hvad enten du allerede er i et forhold eller er single.</description>
     <ror:updatePeriod></ror:updatePeriod>
     <ror:sortOrder>1</ror:sortOrder>
     <ror:resourceOf>sitemap</ror:resourceOf>
</item>
<item>
     <link>https://webunivers.michellebirkkjaer.dk/akavetoejeblikke.html</link>
     <title>CampusCupid | Sådan undgår du akavethed på første date: 5 nemme tips</title>
     <description>Vil du undgå akavede øjeblikke på din første date? Her er 5 enkle tips til at gøre din date afslappet og sjov.</description>
     <ror:updatePeriod></ror:updatePeriod>
     <ror:sortOrder>1</ror:sortOrder>
     <ror:resourceOf>sitemap</ror:resourceOf>
</item>
<item>
     <link>https://webunivers.michellebirkkjaer.dk/studieogkaerlighed.html</link>
     <title>CampusCupid | Find balancen mellem studieliv og kærlighed: Tips til at få tid til både studie og forhold</title>
     <description>Lær hvordan du finder balancen mellem studieliv og kærlighed med disse tips til at skabe tid til både forhold og studie.</description>
     <ror:updatePeriod></ror:updatePeriod>
     <ror:sortOrder>1</ror:sortOrder>
     <ror:resourceOf>sitemap</ror:resourceOf>
</item>
<item>
     <link>https://webunivers.michellebirkkjaer.dk/dateideer.html</link>
     <title>CampusCupid | Budgetvenlige date-ideer for studerende: Romantiske og sjove dates uden at sprænge banken</title>
     <description>Leder du efter sjove og budgetvenlige date-ideer som studerende? Udforsk romantiske aktiviteter uden at bruge mange penge.</description>
     <ror:updatePeriod></ror:updatePeriod>
     <ror:sortOrder>1</ror:sortOrder>
     <ror:resourceOf>sitemap</ror:resourceOf>
</item>
</channel>
</rss>
  